A0350,C13B
A0351,C13C
A0370,C82S
A1000ERS,C24A
A1000GS,C24B
A10030,C2CB
A10050,C1CC
A1300,C84A
A1326,C14E
A14041,C2EB
A1600,C14C
A2000,C85A
A2030,C25B
A3100,C16A
A5100,C18B
A5131E,C28E
A5135,C28C
A5140,C48A
A51HD+,C18C
A8140,C4BA
A8915,C1BA
AR0130,C24C
AR0131,C24F
AR0132,C24A
AR0133,C24H
AR0134,C24G
AR0134CS,C24G
AR0135,C24J
AR0136,C24K
AR0138,C24L
AR0139,C24D
AR0140,C24D
AR0141,C24D
AR0144,C24M
AR0220,C25G
AR0221,C25H
AR0230,C25C
AR0231,C25D
AR0237,C25E
AR0237SR,C25K
AR0238,C25E
AR0239,C25F
AR0260,K45A
AR0330,C26E
AR0331AT,C26C
AR0331,C26C
AR0333,C26C
AR0542,C48B
AR0543,C48B
AR0551,C48C
AR0820,R082A
AR0832,C4BB
AR0832EA,C4BX
AR0832E,C4BX
AR0832ES,C4BX
AR0833,C4BD
AR0834AI,C4BD
AR0835,C4BD
AR0835HS,C4BD
AR0880,C2BC
AR1011,C1CC
AR1230,C4DA
AR1231,C4DB
AR1231CP,C4DA
AR1410,C1EA
AR1411,C1EA
AR1411HS,C1EA
AR1810,C2GA
AR1820HS,C4GA
ARX333,C13C
ARX341,C82S
ARX342,K22F
ARX550,C23A
AS0140,C24D
AS0142,C24D
AS0260,K45A
AS0540,K48A
ASOC1040,K24B
ASOC1310,K14L
ASOC1320,K14M
ASOC1330,K24A
ASOC2010,K15L
ASOC2020,K15A
ASOC2030,K25A
ASOC2031,K25A
ASOC3130,K26A
ASOC3132,K26C
ASOC3140,K46B
ASOC354,K12B
ASOC356,K22B
ASOC360,K82A
ASOC361,K22F
ASOC367,K22C
ASOC380,K22A
ASOC390,K22D
ASOC391,K22E
ASOC5140,K28A
ASX340,K22F
ASX341,K22F
ASX342,K22F
ASX343,K22J
ASX344AT,K22J
ASX344,K22J
ASX350,K22G
ASX351,K22K
ASX353,K22L
ASX370,K22H
GIVEN6,C21A
MT9V126,K22B
MT9V127,K22B
P13100,P131
P48040,P480
SOC356,K22B
SOC361,K22F
SOC390RCM,K22D
SUNRISE2,C1EA
